{
    "results": {
        "test_acc_mean": 80.27027189731598,
        "test_acc_std": 4.366349417842153,
        "test_accs": [
            0.8918918967247009,
            0.7837837934494019,
            0.8378378748893738,
            0.7837837934494019,
            0.8108108043670654,
            0.7567567825317383,
            0.8108108043670654,
            0.7837837934494019,
            0.8378378748893738,
            0.7297297716140747
        ]
    },
    "config": {
        "num_epochs": 200,
        "train_val_test": [
            0.48,
            0.32,
            0.2
        ],
        "undirected": 0,
        "transposed": 0,
        "num_layers": 2,
        "hidden_channels": 16,
        "lr": 0.01,
        "wd": 0.01,
        "dropout": 0.5,
        "adamw": false,
        "num_reduce_layers": 1,
        "A_embed": false,
        "out_norm": true,
        "out_mlp": false,
        "irdc": [
            true
        ],
        "K": 5,
        "beta": 0.5,
        "gamma": 0.5,
        "method": "cos"
    }
}