{
    "results": {
        "test_acc_mean": 90.27027308940887,
        "test_acc_std": 3.2432437936469127,
        "test_accs": [
            0.9189189672470093,
            0.8378378748893738,
            0.8918918967247009,
            0.9459459781646729,
            0.8918918967247009,
            0.9189189672470093,
            0.8918918967247009,
            0.9189189672470093,
            0.8648648858070374,
            0.9459459781646729
        ]
    },
    "config": {
        "num_epochs": 200,
        "train_val_test": [
            0.48,
            0.32,
            0.2
        ],
        "undirected": false,
        "transposed": true,
        "num_layers": 2,
        "hidden_channels": 16,
        "lr": 0.01,
        "wd": 0.01,
        "dropout": 0.5,
        "adamw": false,
        "num_reduce_layers": 1,
        "A_embed": false,
        "out_norm": true,
        "out_mlp": false,
        "irdc": [
            true
        ],
        "K": 5,
        "beta": 0.3,
        "gamma": 0.3,
        "method": "cos"
    }
}