{
    "results": {
        "test_acc_mean": 88.13780307769775,
        "test_acc_std": 1.2658823771614358,
        "test_accs": [
            0.8994413614273071,
            0.8975791335105896,
            0.8566108345985413,
            0.890130341053009,
            0.8864059448242188,
            0.884543776512146,
            0.8752327561378479,
            0.8677840232849121,
            0.8826815485954285,
            0.8733705878257751
        ]
    },
    "config": {
        "num_epochs": 200,
        "train_val_test": [
            0.48,
            0.32,
            0.2
        ],
        "undirected": true,
        "transposed": false,
        "num_layers": 2,
        "hidden_channels": 16,
        "lr": 0.01,
        "wd": 0.0,
        "dropout": 0.9,
        "adamw": false,
        "num_reduce_layers": 1,
        "A_embed": false,
        "out_norm": true,
        "out_mlp": false,
        "irdc": [
            true
        ],
        "K": 5,
        "beta": 1.0,
        "gamma": 0.7,
        "method": "norm2"
    }
}