{
    "results": {
        "test_acc_mean": 56.933361291885376,
        "test_acc_std": 0.3280391539703112,
        "test_accs": [
            0.5751777291297913,
            0.5666264891624451,
            0.5689178705215454,
            0.5659178495407104,
            0.5700281262397766
        ]
    },
    "config": {
        "num_epochs": 200,
        "train_val_test": [
            0.5,
            0.25,
            0.25
        ],
        "undirected": 0,
        "transposed": 0,
        "num_layers": 2,
        "hidden_channels": 32,
        "lr": 0.01,
        "wd": 1e-05,
        "dropout": 0.8,
        "adamw": false,
        "num_reduce_layers": 2,
        "A_embed": true,
        "out_norm": false,
        "out_mlp": true,
        "irdc": [
            true
        ],
        "K": 5,
        "beta": 0.1,
        "gamma": 0.9,
        "method": "cos"
    }
}