{
    "results": {
        "test_acc_mean": 72.62247741222382,
        "test_acc_std": 2.1432696044560005,
        "test_accs": [
            0.7195004820823669,
            0.7425552010536194,
            0.7089337110519409,
            0.7329490780830383,
            0.7223823070526123,
            0.7367915511131287,
            0.7118155360221863,
            0.7454370856285095,
            0.6810758709907532,
            0.7608069181442261
        ]
    },
    "config": {
        "num_epochs": 200,
        "train_val_test": [
            0.48,
            0.32,
            0.2
        ],
        "undirected": false,
        "transposed": true,
        "num_layers": 2,
        "hidden_channels": 16,
        "lr": 0.0005,
        "wd": 1e-05,
        "dropout": 0.3,
        "adamw": false,
        "num_reduce_layers": 1,
        "A_embed": false,
        "out_norm": true,
        "out_mlp": false,
        "irdc": [
            true
        ],
        "K": 5,
        "beta": 1.0,
        "gamma": 0.5,
        "method": "norm2"
    }
}