{
    "results": {
        "test_acc_mean": 74.86486673355103,
        "test_acc_std": 4.017855787520073,
        "test_accs": [
            0.6756756901741028,
            0.7837837934494019,
            0.8108108043670654,
            0.7297297716140747,
            0.7027027010917664,
            0.7297297716140747,
            0.7837837934494019,
            0.7837837934494019,
            0.7567567825317383,
            0.7297297716140747
        ]
    },
    "config": {
        "num_epochs": 200,
        "train_val_test": [
            0.48,
            0.32,
            0.2
        ],
        "undirected": 0,
        "transposed": 1,
        "num_layers": 2,
        "hidden_channels": 16,
        "lr": 0.05,
        "wd": 0.01,
        "dropout": 0.8,
        "adamw": false,
        "num_reduce_layers": 1,
        "A_embed": false,
        "out_norm": true,
        "out_mlp": false,
        "irdc": [
            true
        ],
        "K": 5,
        "beta": 0.1,
        "gamma": 0.3,
        "method": "norm2"
    }
}