{
    "results": {
        "test_acc_mean": 86.48648977279663,
        "test_acc_std": 6.395762397389331,
        "test_accs": [
            0.7297297716140747,
            0.9189189672470093,
            0.9459459781646729,
            0.7837837934494019,
            0.9189189672470093,
            0.8648648858070374,
            0.9189189672470093,
            0.8378378748893738,
            0.8648648858070374,
            0.8648648858070374
        ]
    },
    "config": {
        "num_epochs": 200,
        "train_val_test": [
            0.48,
            0.32,
            0.2
        ],
        "undirected": 0,
        "transposed": 1,
        "num_layers": 2,
        "hidden_channels": 16,
        "lr": 0.05,
        "wd": 0.01,
        "dropout": 0.8,
        "adamw": false,
        "num_reduce_layers": 1,
        "A_embed": false,
        "out_norm": true,
        "out_mlp": false,
        "irdc": [
            true
        ],
        "K": 5,
        "beta": 0.1,
        "gamma": 0.3,
        "method": "norm2",
        "ds_old": true
    }
}